{
  "acc_train": 0.9987980769230769,
  "acc_val": 0.4441105769230769,
  "acc_test": 0.42843419788664744,
  "macro_f1_train": 0.9987877011299133,
  "macro_f1_val": 0.4402315616607666,
  "macro_f1_test": 0.4253307282924652
}