{
  "acc_train": 0.9987980769230769,
  "acc_val": 0.47475961538461536,
  "acc_test": 0.4447646493756004,
  "macro_f1_train": 0.9987832903862,
  "macro_f1_val": 0.4697253704071045,
  "macro_f1_test": 0.4405853748321533
}