{
  "acc_train": 0.9951923076923077,
  "acc_val": 0.47596153846153844,
  "acc_test": 0.45341018251681076,
  "macro_f1_train": 0.9951252341270447,
  "macro_f1_val": 0.46953341364860535,
  "macro_f1_test": 0.4506179392337799
}