{
  "acc_train": 0.9983974358974359,
  "acc_val": 0.4465144230769231,
  "acc_test": 0.4313160422670509,
  "macro_f1_train": 0.9983787536621094,
  "macro_f1_val": 0.44623881578445435,
  "macro_f1_test": 0.4300788938999176
}