{
  "acc_train": 0.9983974358974359,
  "acc_val": 0.4717548076923077,
  "acc_test": 0.457252641690682,
  "macro_f1_train": 0.9983787536621094,
  "macro_f1_val": 0.4645729064941406,
  "macro_f1_test": 0.45008736848831177
}