{
  "acc_train": 0.9983974358974359,
  "acc_val": 0.4801682692307692,
  "acc_test": 0.4620557156580211,
  "macro_f1_train": 0.9983787536621094,
  "macro_f1_val": 0.4777965545654297,
  "macro_f1_test": 0.4589625298976898
}