{
  "acc_train": 0.9979967948717948,
  "acc_val": 0.4807692307692308,
  "acc_test": 0.45821325648414984,
  "macro_f1_train": 0.9979709982872009,
  "macro_f1_val": 0.47373276948928833,
  "macro_f1_test": 0.4488348960876465
}